Title,Views,Favourites,Comments
Universal compassion,0,2,0
Tranquility,0,10,1
Firecracker,0,9,0
Flying Monastery,0,9,0
Relaxation,0,8,2
Task,0,8,1
Shapes,0,20,1
Vessel,0,8,0
Beyond concepts,0,9,1
Mindful feeling,0,41,2
Performance,0,8,1
Sensitivity,0,5,0
Pray,0,10,3
Yantra Garden,0,8,0
Watching the river,0,10,1
Kitsune Spirit,0,12,1
Spiritual comfort,0,12,0
Keep relaxing,0,10,1
Manifestation,0,11,1
Love all emotions,0,22,1
Elephant deity,0,6,0
Elevation prayer,0,5,2
Flight inside,0,8,0
Clearing,0,5,0
Heart healing,0,10,2
Spiritual care,0,8,2
Be and feel,0,13,1
Zen fish,0,14,1
Another mandala,0,7,0
Rest,0,6,2
Gate to Heaven,0,8,1
Ordinariness,0,10,1
Greater worlds,0,10,0
Zen priest,0,7,0
Go inside,0,9,0
Wounds,0,8,1
Apparition,0,9,0
Hahahyena,0,4,0
Care cats,0,11,1
Heavenly dynasty,0,3,0
Ray of light,0,6,2
Rise,0,7,0
Celestial visitors,0,9,1
Every breath,0,7,2
Love field,0,8,1
The devil,0,10,3
Coldness and warmth,0,31,1
Discovery,0,13,0
Crystal Magic,0,8,1
Clarity,0,16,2
Prepare for heaven,0,4,0
Other dimension,0,5,0
Seraphim,0,13,1
Liberated world,0,8,0
Arising,0,7,3
Healing place,0,8,0
Hurt,0,5,0
Bat friends,0,6,0
Nice to meet you,0,6,1
Ascended being,0,7,2
Sacred water,0,5,1
Zen Paradise,0,11,0
Anger,0,5,1
Company,0,5,0
Diversity in expression,0,13,2
Pitch,0,4,0
Energy healing,0,4,1
Inner dimensions,0,5,0
Sitting deity,0,6,0
Cloud castles,0,6,1
Brain care,0,9,2
Carve your own path,0,14,0
Catscension,0,4,0
Mysterious chamber,0,5,0
Protective spider,0,4,0
Inner child,0,36,7
Feeling and growing,0,6,0
Learn from each other,0,7,0
Annoying saint,0,6,1
Volcano,0,7,0
Death Liturgy,0,10,0
Transcendental forest,0,9,1
Celestial family,0,10,3
Zenthronement,0,6,1
Whimsical snail shell,0,14,0
Recreation,0,18,1
Guard your soul,0,10,2
Heartlands,0,8,0
Approach,0,23,1
Wonder,0,5,0
Have a nice dream,0,7,0
Zen walk,0,6,0
Thorns,0,5,0
Skywalker,0,9,0
Grow,0,7,2
Moon Lilies,0,12,1
Pond with frogs,0,39,1
Medicine,0,7,0
Sacred sense,0,4,0
Substrate,0,5,0
Astral villagers,0,9,0
Monk-eys,0,10,1
Dragons are angels,0,11,1
Divine love atom,0,3,0
Toxic positivity,0,20,1
School,0,10,0
Channels,0,6,1
Above the duality,0,9,0
FROG,0,6,0
Cat,0,5,0
Sensitive,0,11,1
Raise,0,8,0
Grief,0,12,1
Transition,0,6,0
Ascended meeting,0,6,0
Shambhala,0,7,1
Cosmic healer,0,5,0
Mysterious opening,0,7,0
Hell and heaven,0,8,0
Hologram,0,8,0
Exercise,0,10,1
Aspirant,0,7,0
White hole,0,8,1
Furry pile,0,17,0
God balances everything,0,7,0
Feel,0,16,0
Siddhi,0,6,1
End of the world,0,7,1
Let heaven descend,0,6,2
Lotus tears,0,5,0
Walk slowly,0,7,0
Harmony Husky,0,11,1
Lights,0,10,1
Ether world,0,8,1
Eternal dance,0,8,0
Bells,0,6,0
Ancestor,0,11,2
Process,0,5,0
Enlightened Room,0,7,1
Master,0,8,1
Healing process,0,19,2
Trash Life,0,12,1
Holy shit,0,7,2
Don't forget your roots,0,6,2
Pet ghost,0,3,0
You are another me,0,9,2
Oasis,0,11,2
Care,0,6,2
Opening,0,6,0
Healing field,0,6,1
Watermelon,0,20,5
Magical dragon,0,9,1
Breakthrough,0,7,3
Ein Engel,0,4,0
Blaues Auge,0,7,0
Health insurance,0,5,3
Let me in,0,5,1
Eternal love,0,8,1
Don't get lost,0,8,1
Evolution is the solution,0,5,0
Healer,0,3,2
Meditatives Mandala,0,10,0
Walking on earth,0,8,2
Dematerialization,0,5,2
For world peace,0,6,1
Darshan,0,5,0
Metaphysical body,0,5,2
Divine ascension,0,4,1
Feelers,0,6,1
Mandala for inner peace,0,3,0
Mystical lantern,0,5,1
Hallucinate,0,2,0
Explorer,0,9,0
Listen,0,6,3
Pray for liberation,0,4,1
Story,0,5,2
Mandala gate,0,4,1
Etheric temple,0,6,0
Rose,0,9,0
Help,0,10,0
Lotus bed,0,11,2
Comfort,0,3,2
Conversation,0,8,0
Be present,0,4,0
Bad girl,0,6,0
Other people,0,11,0
After every storm,0,7,1
Crazy,0,7,0
Open your mind,0,5,0
Autoritaetspersonen-Logik fuer Anfaenger,0,10,0
Hyena pile,0,7,0
My face irl,0,5,0
"Veni, vidi,...",0,5,0
Society,0,13,2
Real me,0,10,1
Deity yoga,0,9,2
Bunte Blasen,0,6,1
Roots,0,3,0
Higher,0,8,1
Business,0,7,2
Enlighten the way,0,6,1
Refuge,0,5,2
Mythical heaven,0,5,0
Home of yogis,0,7,1
Shine,0,8,3
Celestial master,0,5,0
Seed,0,5,1
Being different,0,18,4
Patience,0,8,2
Sonne im Gestein,0,2,0
Geordnetes Chaos,0,12,0
The Circle,0,10,1
Exit,0,5,2
Seashore,0,12,0
Solace,0,7,1
Armor,0,10,2
Know your boundaries,0,6,2
Enlightened mystic,0,5,6
Willow,0,5,0
Love prayer,0,7,2
Lotus dragon,0,5,0
Nirvana Dance,0,5,5
Tourists,0,15,7
Seeker,0,5,2
Infusion,0,7,4
Call me,0,7,1
Great Mother,0,8,2
Wild Cow Dog,0,9,2
The fly,0,6,4
Expression of the universe,0,12,10
Healing,0,16,5
From fight to light,0,6,0
Make peace,0,12,2
Enjoy the ride,0,7,2
Cosmic dancers,0,5,2
Messenger,0,5,2
Spiritual initiation,0,3,1
Abode,0,3,3
Relax,0,12,7
Tea ceremony,0,4,4
Celebrate the universe,0,7,4
Have fun,0,12,6
Arctic Hyena,0,9,2
Inner movement,0,6,3
Rainforest,0,9,5
Cult,0,9,5
Alignment,0,7,4
Separation and unity,0,13,9
Microbe,0,9,9
Grumpy,0,13,3
Wortspiele Pt. 2,0,8,7
Contemplation,0,9,3
Life is a mystery,0,17,9
Shambhala,0,11,2
Missionaries,0,12,9
Communion,0,9,0
Find your flow,0,9,4
Aaaaww yeah,0,5,5
Messy raccoon,0,7,2
Liberation,0,4,0
White elephant,0,5,0
Meeting and melting,0,8,0
Free spirit,0,7,0
Pilgrim,0,8,4
Pulling,0,13,0
How to be friends with an introvert,0,12,2
Shamanism for beginners,0,5,8
Swim,0,13,5
Everything is a mirror,0,8,3
Devotees,0,6,0
Be balanced,0,5,0
Bloom,0,7,3
Karmic debt,0,15,4
Space language,0,5,3
Hiding,0,3,0
Not ugly,0,8,10
Attention,0,5,0
Shantiland,0,5,0
Guide,0,4,0
Bananas,0,9,0
A simple critter,0,9,0
Invitation,0,5,0
Discipleship,0,6,0
Die Wahrheit,0,6,0
Being of light,0,5,0
Mad,0,5,3
Trippy monk,0,4,0
Who are you,0,5,1
Starry road,0,10,0
Warrioress,0,3,10
Yogis have less worries,0,7,3
All cats are gray at night,0,6,0
Purrpose,0,10,0
Work,0,17,6
Everlasting bliss,0,6,3
Buddhist heaven,0,15,6
Forgiveness frees,0,9,0
Kitsunemaru,0,6,3
Celestial throne,0,3,0
Loving others,0,13,0
You are doing great,0,3,2
Stuck on the earthly plane,0,3,2
Flight,0,6,2
Drop definitions,0,7,0
Zenvolution,0,6,0
Wise owl,0,6,3
Grid,0,3,0
Meditating in Nirvana,0,6,0
Non-attachment,0,5,4
Confession,0,7,1
Appreciation,0,14,7
Fallen angel,0,6,0
Let's get naked,0,15,7
Spiritual oasis,0,5,0
Watch your consciousness,0,3,3
Highest evolved being,0,2,7
Balance,0,3,0
Uptight,0,2,2
My decisions,0,9,10
Eat healthy,0,6,0
Feng Shui,0,6,0
Lovemonster,0,4,0
Why angels wear robes,0,10,0
Buddha field,0,3,0
Argument,0,6,2
Nixen,0,2,0
Vacation,0,7,0
Bat-eared fox,0,8,0
Flirting,0,10,3
The Way,0,17,1
See,0,3,0
Take your time,0,2,2
Fire and ice,0,12,1
My body is a temple,0,11,4
Kundalini energy,0,4,0
Into the light,0,6,0
Liberty,0,4,0
Wellbeing,0,9,1
High priestess,0,7,2
Trees talk too,0,5,5
Circle of life,0,6,2
Der Schnuffel,0,4,0
Vaporeon,0,18,2
Treatment,0,9,1
The cat,0,8,2
Mood,0,4,0
Hidden crystals,0,4,2
Firework,0,6,0
Chilled fish,0,7,2
Love your body,0,8,1
Reaction,0,11,3
Magic book,0,5,0
Sit,0,7,0
A llama and a lama,0,5,2
Experience of divine grace,0,6,2
Image,0,7,0
Diversity,0,6,0
Cuteness Overlord,0,4,2
Schneegeschenk,0,3,0
Odd bird,0,2,0
Spirit animals just want to play,0,2,0
Weirdo,0,5,0
Tree,0,10,2
Self-care,0,8,7
Save your energy,0,5,2
Mystics illuminate,0,4,0
Transcendental canines,0,4,0
Nature heals,0,4,2
Sensory overload,0,10,1
Blessed turtle,0,3,0
Be soft,0,9,2
Equality,0,7,0
Nose,0,2,2
We don't matter that much,0,2,4
Stages to enlightenment,0,8,0
Religion teacher,0,4,0
Monastery,0,2,0
I have given up,0,9,2
Worldly responsibilities,0,8,2
Self-initiation,0,7,0
Painting painted dog,0,9,6
Transcendental shopping,0,10,2
The truth seeker,0,4,2
R.I.P.,0,3,4
Travel,0,5,2
Lesson in Chaos Magick,0,4,0
Biblically accurate angel,0,8,0
Praying goat,0,5,2
You're mind-blowing,0,8,3
Kundalini Dragon,0,8,0
Truths and illusions,0,5,0
Growing wings,0,3,1
Competetive monks,0,5,0
Invocation,0,8,0
This is fine,0,3,0
Aliens,0,7,1
Programming,0,6,4
Noise,0,7,0
Monkey mind,0,5,2
Moksha,0,6,0
Thrive,0,6,2
The wise dragon,0,7,2
Archaic Revival,0,5,0
Zen friends,0,10,1
Slow down,0,11,0
Psychedelic meditation,0,13,2
Satori,0,5,0
Revelation,0,7,2
Metaphysical creature,0,5,0
Ducks,0,4,2
Hermit,0,4,0
In the mountains,0,5,5
Wortspiele,0,3,5
Barcode zebra,0,4,0
How to transcend the artist's ego,0,9,0
Zen koans,0,2,0
Yoga bunnies,0,3,2
Open channel,0,4,0
Divinity,0,6,0
Space traveller,0,4,2
Forgiveness wolf,0,12,4
Being weird again,0,4,2
Let's hang around,0,2,0
Get well soon,0,2,3
Stereotypes,0,6,0
Non-vegetarian wall socket,0,2,2
I wanna eat you,0,5,0
Parallel universes,0,4,0
Mantra Mantas,0,5,0
Foo Dogs,0,3,5
Mushroom goat,0,6,1
Bliss,0,4,0
High goats,0,5,0
Totem animals,0,4,0
Boring art,0,4,0
The chaos magician,0,3,5
Advice,0,2,0
Rishika,0,4,0
Silly cartoons,0,5,2
Unburdening,0,4,1
Beauty,0,1,0
Butts,0,5,1
Circle of Samsara,0,4,2
Yogi,0,3,0
Illusion,0,6,0
Ripening and merging,0,5,0
Death,0,2,0
I love rave,0,3,0
Difference,0,2,2
Zazen,0,3,0
Druid,0,4,0
Meaningless,0,3,2
Aufsteigende Engel,0,3,0
Satan is a dealer,0,5,0
Failed experiment,0,5,3
Inner guru,0,1,0
Live more in your heart,0,3,1
True colors,0,5,0
Gnoll clanspeople,0,2,0
Zen Frog,0,3,0
Hakuna Matata,0,4,3
Tor der Stille,0,3,0
Ort der Ruhe,0,3,0
Raum der Schwerelosigkeit,0,3,0
Milky Way,0,4,3
Sacrifice,0,6,4
Sacred places,0,3,0
Don't look for masters,0,3,0
Elevate yourself from the worldly affairs,0,2,0
Otherworldly gate,0,2,0
Flowering,0,6,0
Healing crystal,0,5,1
Bird Ball,0,3,2
Dragon tamer,0,6,1
Lotus flower,0,3,1
Catnip,0,5,0
Magical journey,0,4,0
Hanging out,0,3,0
Fuck-o-phant,0,3,0
Eye of Providence,0,4,0
Solar system,0,4,0
Useless tree,0,1,0
Mandala,0,2,0
It's okay to make mistakes,0,4,0
Schicke orientalische Markings,0,2,0
Jivanmukti Dance,0,2,0
Cool pool,0,5,0
Pathfinder,0,2,0
Samadhi Dog,0,3,0
Fata Morgana,0,5,0
Tropical Turtle,0,5,0
Soda Cat,0,3,0
Jungle Flow,0,3,0
Freundschaft,0,3,0
Nonsense,0,2,0
Slow snail,0,3,0
Be nice to nature,0,3,0
Owlet,0,3,6
We're all a little weird,0,2,4
"I think, therefore I am suffering",0,2,3
Kundalini Cat,0,1,8
Illuminate,0,4,0
"Wege ergeben sich, wenn man sie beschreitet",0,5,4
Mystake,0,4,12
Mandalas,0,5,2
Fiction,0,5,0
Don't let your mind fuck you up,0,7,0
A sage and his disciple,0,4,0
Focus on the moment,0,1,0
Guide to enlightenment,0,1,0
Strength,0,5,0
The Great Nothing,0,3,0
The Earthling,0,3,1
Temple within,0,2,0
A liberated being,0,4,0
High vibrations,0,2,0
Let's open up a cult,0,5,1
Be unconditionally,0,3,1
Falling in love,0,7,0
Limitless,0,2,0
Love alchemy,0,3,0
Follow me,0,3,21
River of life,0,6,1
Aura,0,7,2
Meditation is awesome,0,2,0
I like derpy things,0,4,0
Shut up,0,2,1
Chill out,0,8,0
Goat guys are sexy,0,7,0
Paradoxes,0,4,0
Nominds,0,7,1
Minimum,0,0,0
Enlighten your soul,0,2,0
The universe becomes aware of itself,0,5,0
Samadhi,0,2,0
Alien dimension,0,6,0
Witchdoctor,0,3,0
Bang your drum,0,1,1
A free soul is a happy soul,0,2,0
Thought,0,0,0
Intuition,0,4,0
Self realization,0,4,0
Positive energy,0,4,0
Transcendence,0,2,0
Fluffy hugs,0,5,2
Hideout,0,4,0
Mystical lamp,0,0,1
Get out of the matrix,0,1,2
Medium,0,1,0
Calming tea,0,9,1
Nonexistence,0,6,2
Rebel,0,1,0
Universal love,0,3,0
Being,0,3,0
Peaceful solitude,0,4,3
Beyond spacetime,0,3,0
Dead,0,5,2
Self awareness,0,2,0
Destroy,0,2,0
Let's all just go raving,0,4,2
Don't take your mind so seriously,0,3,2
Different types of halos,0,8,1
Everywhere,0,2,0
Spiritual evolution,0,2,0
Dog,0,4,5
Inner sanctuary,0,4,1
Ascended master,0,0,0
Truth versus liar,0,4,1
Motivational parakeet,0,3,1
One with the singularity,0,3,0
Enjoy yourself,0,6,2
Enter the chaos field,0,4,0
Trancemutation of the mind,0,5,0
My last fuck,0,3,2
Cleansing,0,0,0
Voidslug,0,3,1
Pathless,0,3,0
Universal flow,0,1,0
Soultrip,0,2,0
Remembrance,0,3,0
Channeling,0,4,1
Inner peace,0,3,0
Shattered shell,0,2,0
Eternal play,0,3,2
Avatar,0,2,0
The world needs more sloths,0,2,0
Radioactive,0,3,2
Trippy love,0,3,0
Light at the end of the tunnel,0,3,0
Wormhole,0,0,1
Wholeness,0,1,1
Consciousness river,0,2,0
Taoism,0,4,0
Hidden gap,0,6,0
Inner journey,0,1,0
Science,0,4,1
The force awakens,0,4,0
Nihilist cat,0,2,0
Telepathy,0,3,3
Spirit medicine,0,2,0
Shapeless,0,5,2
Keep it simple,0,5,0
Reflecting,0,3,0
Sassy transcendence,0,4,2
The happiest being in the world,0,3,0
Self mastery,0,2,0
Zenlightened,0,2,0
Ascet,0,0,0
Ego death,0,3,0
Guru,0,2,0
The perfect state of harmony,0,1,0
Inner middle,0,0,0
Humor,0,3,0
Excuse me while I am being fabulous,0,2,1
Tame your mind,0,2,0
Release the universe,0,3,0
You're nothing but a thought,0,1,0
Visitor,0,4,1
Celebrate your triviality,0,1,0
We are all one,0,0,0
Let your spirit soar,0,4,0
Yoda,0,2,1
Don't look back,0,5,1
Buddha nature,0,2,0
Empty,0,2,0
Love your false self,0,2,0
There is so much to unlearn,0,3,0
Rude pigeon,0,4,0
Voidified,0,4,0
Grateful,0,2,0
Insignificant,0,5,0
Psychedelic fairytale,0,5,0
Blissfully dying inside,0,4,0
I believe in magic,0,6,0
Monument,0,2,0
Devotion,0,2,0
Friends,0,7,0
Cosmic temple,0,3,0
Be your own light,0,5,1
Infinite,0,0,0
Witch Sisters,0,2,0
Nirvana love,0,7,2
Destruction of the universe,0,4,1
Just be together,0,3,0
Halo,0,0,0
Screw this realm,0,2,2
Stillness,0,1,1
Watching,0,1,2
Intuitive,0,2,0
Waterfall,0,2,1
Transcend your mind,0,1,1
Monk llama,0,3,9
Authority is an illusion,0,3,4
Nourish your soul,0,5,7
Illuminate your spirit,0,1,1
Self acceptance,0,3,0
Laughter,0,4,5
Awesome,0,5,0
You are a frequency,0,3,0
Transcendence Express,0,3,1
Recycling,0,5,1
Intergalactic octopus,0,3,5
It's ok to be nothing,0,3,1
Now,0,1,0
Guardian,0,4,0
Trust,0,3,3
Third eye,0,5,0
Dreaming life,0,5,1
Beyond the veils,0,1,3
All,0,1,0
Don't stop growing,0,0,1
Only the universe knows,0,4,1
Journey to Heaven,0,6,5
Magical onion,0,2,0
Phoenix,0,2,2
Spread good vibes,0,6,1
Savior,0,1,4
Level up,0,5,4
Boundless soul inside a bounded body,0,3,0
Back to anarchy,0,4,0
Awaken,0,3,0
Leaving,0,2,3
My pet,0,4,2
First attachment,0,3,8
Prophet,0,7,0
The Blissful Ascension of the Mystic Sheep,0,4,0
Magic lesson,0,2,1
Walking on the Higher Path,0,3,5
Wrath,0,5,0
Happiness,0,6,0
Dude,0,6,0
You're celestial,0,3,1
Peace of mind,0,1,1
Esoteric,0,0,0
Your mind is your magic wand,0,3,1
Stay true to your own flow,0,5,2
Love universe,0,4,0
Blissful enlightenment,0,3,0
Deity,0,6,0
Let's all be trash,0,4,0
All your gods are mad,0,2,0
AAAAAAAAAAAAAAAAAAAAAAAA,0,4,1
The path is the goal,0,2,0
Become the dog,0,4,0
What we see is not all there is,0,5,0
Talk nonsense,0,1,2
Ascension tunnel,0,4,0
Selfless,0,0,1
Home,0,1,5
Live forever,0,2,0
Emergency instruction,0,3,3
Finding oneself,0,3,0
Extraterrestrial from another dimension,0,3,0
Zen Hen,0,4,5
Be open to change,0,5,0
Ascending spirit tree,0,2,0
The truth,0,4,0
You don't exist,0,2,0
Spiritual healer,0,2,0
Tripping,0,6,0
Mask,0,2,0
See beyond the walls,0,3,0
One with the universe,0,3,0
Evolution,0,2,0
Psychedelic spirituality,0,1,0
Protect the bees,0,3,0
Waking up,0,6,0
Center,0,5,0
Fifth dimension,0,2,0
Mother,0,0,0
Magic for Dummies,0,1,0
The Catorcist,0,2,0
Void hammer,0,5,1
Cosmic synchronicity,0,3,0
Underworld,0,2,0
Mortal coil,0,6,0
Universal consciousness,0,3,0
Psychology,0,7,0
Silence,0,1,0
Ascended beings,0,3,0
Redemption,0,1,0
Souls,0,2,1
Getting high,0,4,2
Otherworld,0,4,0
Guides of inner balance,0,4,0
Tides,0,7,2
Useless,0,5,1
Perpetual evolving moment,0,2,0
Nobody,0,1,0
Ecstasiate,0,6,0
Ritual,0,3,2
Calling the spirits,0,5,0
Secret earth,0,4,2
How long is forever,0,4,0
Mysterious elevator,0,1,0
He hate hoomans,0,4,0
Obstacles,0,2,0
Robot Unicorn Attack,0,8,0
Battle of Mages,0,4,0
Big Bang,0,4,0
Touched by the void,0,3,0
Dance with the elements,0,4,0
Creepy cook,0,2,0
Unity,0,4,0
Worship nothing,0,2,0
Blame and shame,0,5,1
Theurgy,0,5,0
Witch,0,3,0
How to be a necromancer,0,2,1
Ascension,0,2,0
Repairing the universe with cosmic love ,0,5,2
Anatomy sheet,0,1,10
I can see all,0,3,2
Alternative universe,0,4,2
Psychonaut,0,2,0
Misfits,0,6,0
Bruh,0,0,2
Chang,0,7,1
Sage,0,7,3
Alusuit,0,0,0
Broken software,0,1,0
The shaman's path,0,4,0
Architect,0,1,2
Dreaming of free love,0,2,1
Eternal thriving,0,5,1
Everafter,0,2,0
Salvation,0,3,0
Mind masks,0,0,0
Anarchy,0,1,1
Empty mind,0,3,1
Walking to paradise,0,5,2
New reference sheet,0,2,3
Sparklemaru,0,4,2
Puhbsjoga,0,4,2
Ocean of emotions,0,6,0
Healing scars,0,3,0
Hall of mirrors,0,6,0
Taking down the walls,0,5,1
Influence,0,7,0
Energize,0,5,1
Go to bed,0,2,2
Emotional outburst,0,2,3
Burnout,0,2,0
Acceptance,0,3,0
Evolution of consciousness,0,1,0
The only way out is in,0,5,0
Stairway to heaven,0,2,0
Perpetuum mobile,0,7,0
Great spirit,0,6,0
Source,0,3,0
Subconscious universe,0,4,0
My look,0,7,2
Thinking differently,0,2,0
Badass bagpiper,0,9,5
Handsome sexy lycanthrope,0,5,0
Psy,0,3,0
Acid rat,0,2,0
Madness,0,3,0
Creative expression,0,2,0
Female,0,3,0
Unfold,0,4,3
Light and darkness,0,5,1
Walking the path of selflessness,0,5,2
In a relationship with chaos,0,2,3
Mind control,0,2,0
Illumination burns cardhouses,0,1,0
The Thing,0,5,1
RetroWave text generator proves my dopeness,0,1,3
Fuck off,0,6,0
Ladybug,0,4,0
Transformation process,0,0,0
Oversensitive,0,1,0
Dead inside,0,3,2
Ask the universe,0,3,0
Shrine,0,0,0
Mage's Bar,0,2,0
Forgiveness,0,1,0
Physiology,0,2,0
Cosmic evolution,0,1,3
Glimpse behind the matrix,0,4,0
My future,0,3,2
The Creation of Higitsune,0,3,5
Know thyself,0,5,0
Primal ground,0,7,0
Afterlife,0,5,0
Anthro frog,0,3,0
How to be avoided by everyone,0,1,0
You take many forms,0,2,0
Arcane energy,0,3,0
Magic for beginners,0,4,0
Gypsy,0,5,0
Pearly gates,0,3,0
Communication,0,4,0
Alone in the universe,0,2,0
Open,0,7,0
Cthulhumaru,0,1,0
Perceiving and creating,0,4,0
Melting,0,8,0
Breath,0,5,0
We manifested each other,0,4,0
Bleats seductively,0,4,0
A matter of perspective,0,1,0
Art is therapy,0,3,1
Playing piece,0,6,0
Magnificent view,0,3,0
At the bus stop,0,2,0
Angelic entity,0,3,0
Witches never die,0,3,3
Stuck in hell,0,2,0
It's a paradox,0,7,6
Whoa dudes,0,3,0
Erasing the traces of my existence,0,1,0
Social anxiety,0,2,3
Bathing yeen,0,4,0
Bashful,0,7,2
The Famous Cock,0,6,0
Worthless,0,4,0
The Tale of Two Wolves,0,2,0
Onward to infinity,0,3,0
I'm not all there,0,3,1
Simplicity,0,3,0
Rave,0,5,0
Inner gateway,0,6,0
Sorceress of chaos,0,2,0
Transdimensional weirdo,0,5,0
Sigil,0,3,0
Haters gonna hate,0,38,3
Awaken your soul,0,0,0
Drop out from the herd,0,2,0
Arcane goat,0,1,1
The identity I was given,0,6,0
Beginning of a story,0,2,1
Creation of desire,0,1,0
Another dream,0,4,0
Fortunately I don't need to vandalize real murals,0,1,0
Secret place,0,1,2
Psychedelic space slugs,0,4,1
A spiritual formula,0,3,1
"No brain, no pain",0,9,1
Don't hate on each other,0,3,4
Getting absorbed into nirvana,0,3,0
Protective circuit,0,4,1
Before and after,0,2,0
Manifestation from another dimension,0,3,0
I wish I could function in the material world as w,0,2,0
Mentalist,0,2,0
Universal self,0,1,1
Song of life,0,4,1
Astral realm,0,4,1
Psychic,0,1,0
It's just a ride,0,1,0
Zeit erwachsen zu werden.,0,2,2
Delete your personality,0,2,1
There is always an escape,0,5,0
We go through phases,0,2,2
"Ich sehe was, was du nicht siehst...",0,3,0
Das Spiel des Lebens,0,4,0
Banging the universe,0,4,0
The false self,0,2,0
Mystery,0,7,0
Fear and love,0,5,0
Reality is a consciousness mirror,0,5,0
Genie,0,2,0
Illusion of separateness,0,2,0
Out of ideas,0,1,1
Mysterious artifact,0,0,5
Perception,0,2,0
Glitch in the universe,0,3,2
Haunted,0,0,0
Pet thought,0,2,0
Too high,0,1,0
Enjoying peace of mind,0,0,0
Important trip,0,2,0
Disappearing,0,1,0
I AM THE UNIVERSE,0,2,0
Things have changed,0,3,0
Believe,0,3,0
Wish,0,1,0
Freethinking,0,6,3
Haarnom,0,1,0
Shrink,0,3,0
Bad prediction,0,3,2
Enlightened deer,0,2,0
Critters,0,6,0
Nature cat,0,4,3
Yin and Yang,0,2,0
When your invocation goes wrong,0,2,0
Hippie,0,1,0
Virtual entity,0,1,1
Puberty,0,3,0
How fear gets passed on,0,3,0
Chaos,0,3,0
Dr. Ari,0,4,0
Crazy shaman,0,2,0
Mushrooms,0,0,0
Randomizer,0,2,2
Food of the Gods,0,6,0
Cloning machine,0,3,0
Humankin,0,4,0
Hunting,0,3,4
Buy,0,0,0
Contributing to existence,0,2,0
Crystal keeper,0,4,0
Ori and Stitch,0,9,1
The faun,0,7,0
Aniu,0,8,2
Vampiremaru,0,1,0
Windy,0,2,0
Mealtime,0,1,0
Hungry,0,1,0
Cheese Slapping,0,0,0
Time leap,0,2,0
Aggressive bikers,0,0,0
Cabbage,0,2,0
Belly,0,1,0
Sleeping,0,1,0
Komisches Geraeusch,0,3,2
I wish I was a dog,0,4,0
Visualized language,0,1,0
Tail bite,0,6,0
The stone is alive,0,3,0
Failure,0,2,0
Bumper cars,0,2,0
Spending time,0,2,1
AntiSocial,0,0,1
Socialize,0,5,0
Winter fluff,0,1,0
Tongue,0,3,1
Funny,0,3,0
In the waiting room,0,1,3
Appreciate the small things in life,0,3,0
Capricorn,0,2,2
Mothdog,0,6,0
Toad,0,4,0
Striped creature,0,7,0
Thoughts,0,4,0
Overthinking,0,3,1
Nothing,0,2,0
Brain,0,3,0
Structure,0,5,0
Doing nothing,0,4,2
Hard decision,0,2,0
Master of manipulation,0,2,0
Drawings,0,3,2
Unsympathetic,0,2,0
Trampoline,0,1,0
Floating in space,0,4,0
Polar bear,0,1,0
Arctic foxy,0,3,0
Was zum Gucki Gucki machen,0,2,0
Sexy unicorn,0,3,0
I've goat the power,0,3,0
Let nature take care of you,0,1,0
Emo Yeens,0,4,0
Champignons,0,0,0
Toaster,0,1,0
Cute bunny,0,3,2
Stay cool,0,1,0
Sassy goat,0,4,1
Pink isn't just a color,0,1,0
I can see the universe,0,2,1
Dragon kiss,0,5,2
Secret smile,0,4,0
Mein Leben zusammengefasst in einer Bildergeschich,0,3,0
Schnabeltiertasse,0,2,0
Kreativitaetsstoepsel,0,1,1
Ideenflut,0,3,0
Sunny flowers,0,4,1
Valid art,0,1,0
My pineal gland,0,2,0
My own world,0,4,2
Secret love,0,5,1
Fly away,0,2,0
Mountain camel,0,1,0
Cheetah cub,0,1,0
Pond cat,0,4,1
The mighty Goaticorn,0,1,1
Wonderland,0,12,3
Shamanic alchemist,0,0,0
Becoming one with the music,0,5,2
Aurora Borealis,0,3,0
Slipping into another dimension,0,2,0
Portal,0,4,0
Nothing productive,0,2,0
Small but powerful,0,5,3
My spirit animals,0,4,4
Don't judge an artist by their art,0,7,2
Fertilizer,0,2,2
All seeing cat,0,2,0
Boop!,0,5,0
I'm a flower child,0,3,0
Eeveelutions,0,9,0
Box of Shame,0,1,0
Follow us,0,5,0
I just don't care,0,3,0
Broken dreams,0,5,0
It's haunting me,0,0,0
Chaos magic,0,2,0
Breathe my aroma,0,2,0
Bureaucracy crap,0,2,0
Come join the dance,0,0,0
Not today,0,1,0
Trash Bro's,0,2,0
Rainbow sheep,0,4,3
Sharing is caring,0,5,0
Hey babey,0,5,0
Cheeky,0,2,2
Neon Alien Thingy,0,2,0
Not so lost,0,4,0
Incarnation,0,3,0
Break through yourself,0,2,0
Whatever floats your goat,0,2,0
Startled,0,5,0
The void,0,3,0
Transform,0,1,0
Identity crisis,0,5,1
Moooosh,0,3,0
Mushroom creature,0,6,0
Gnoll shaman,0,5,0
Mirror,0,4,0
Lotus Kitsune,0,5,0
Moon lily,0,5,0
Moment of peace,0,5,0
Lil' friend,0,10,0
Runaway,0,3,0
Ragemaru,0,4,4
Break free,0,2,0
Painting,0,5,0
Eccentric artist ahead,0,3,0
Screen,0,2,0
Chillin',0,3,0
Rainbow Glitter Soap,0,7,2
Guidance,0,7,2
I like everything weird,0,5,0
In the kitchen,0,1,0
Wobble,0,2,2
Cuddly-wuddly,0,1,0
Cool special effects,0,0,0
Banana Cult,0,4,0
Satan,0,3,2
Snake,0,2,0
Kill myself,0,3,0
Wolf in sheep's clothing,0,0,0
Bomb,0,4,0
Vibe Filter,0,4,4
Nothing is true,0,3,0
Always keep your dreams alive,0,4,0
Crazy new shit,0,2,1
Enlightened people,0,4,9
Love hurts,0,1,0
Unlocked sanctuary,0,2,0
Everything on its right place,0,0,0
Holding back the flood,0,2,0
Cosmic explosion,0,0,0
Truth coming out of her well,0,1,0
No identity,0,5,2
A cosmic game,0,2,0
Fuck duality,0,0,0
The Zen master,0,5,0
Let go of limitations,0,5,0
Innocence,0,4,0
Awakening,0,3,0
Bothersome person,0,2,0
Too mainstream,0,5,0
Life and Maturity,0,2,5
I'm in your brain,0,4,0
I love my new pork bacon scarf,0,2,3
Tier im Bett,0,3,0
Pokemon Fusion,0,5,1
"Be guided by spirit, not driven by ego",0,3,12
Karma Bear,0,7,1
Respect everything,0,5,7
Seal of Approval,0,5,1
Tufted deer evolution,0,3,1
Quirky hyenas,0,3,1
Pets,0,1,1
Mud party,0,2,0
Much love,0,5,1
How people see me vs. reality,0,4,2
Mood swings are stressful,0,3,2
What I like to do during my time of solitude,0,3,1
Broccoloustache,0,1,3
Imagination,0,4,7
God complex,0,1,0
Shit,0,2,0
Eye of a mystic,0,2,0
I need more space,0,2,0
Looking outside and looking inside,0,3,0
Fate's strings,0,2,0
Different gateways leading to the same destination,0,2,3
Empathy,0,6,0
Harmony Harmony oh Love,0,4,2
Brainchild,0,1,0
My sense of humor,0,3,2
Futurist,0,3,5
Sunny day,0,2,3
Wings,0,2,3
Majestic creature,0,4,5
Abduction,0,2,7
Talking,0,1,3
Magical sparkles,0,5,0
I have never been anyone's type,0,2,4
Free your mind,0,2,2
Love has no demands,0,6,0
Stay wild,0,5,2
Being scary,0,5,5
RAWR!,0,3,2
Beware of my banana sword,0,4,8
"Love life, love death",0,5,2
Bullshit,0,1,3
Let's face it!,0,4,3
Who cares for pain when you can have fun,0,6,3
I pooped today,0,2,2
Stage,0,3,4
Carnivorous plant,0,2,1
Laugh at everything,0,2,2
Xtreme Hugging,0,2,2
Too many stripes,0,1,0
Weirdo rats,0,4,7
Lost comb,0,2,3
Adult stuff,0,4,2
If animals were people,0,2,6
Grumpy Kitty,0,5,6
Flachheit kombiniert mit Tiefsinn,0,3,6
Collective subconscious,0,4,0
Dimensions,0,1,19
Window to the beyond,0,3,0
The edge of eternity,0,3,0
Ich bin ein Frosch,0,4,4
BLAOEURURERUAEREAH,0,1,4
On my way,0,4,4
Chickens are weird,0,1,5
How to goat,0,3,2
Let's dance the I'm-not-in-the-mood-dance,0,2,3
Singularity,0,3,2
Enlightenment,0,2,5
Unconditioned mind,0,2,2
Fire of Weirdness,0,1,0
Little Cardboard Box,0,0,0
Hoffnungsschimmer,0,5,0
Machine,0,4,2
Withdrawal circle,0,2,2
Multidimensional canvas,0,5,0
Both the gateways to heaven and hell...,0,5,0
Fear construct,0,1,6
Tantrum,0,2,0
Shooting star,0,4,6
Glitch in the matrix,0,1,7
Wired to inspiration,0,5,6
I'm finally an adult,0,2,4
Playing with electricity,0,1,4
Stop killing unicorns,0,5,2
Put your mask off,0,1,2
Projection,0,5,0
Mind games,0,2,0
Life is growth,0,3,0
Meeting,0,7,1
Taste the rainbow,0,5,5
Holy Goat is watching U,0,3,2
Luminous,0,10,0
The friend ship,0,3,0
Schokoladenmuffin,0,1,0
Whoops!,0,3,2
I'm too lazy to use a paintbrush,0,4,6
Kaffeekraenzchen,0,1,5
Pandemonium,0,5,6
Creation,0,2,0
Duality,0,4,2
Disguise,0,8,3
Overlook,0,7,0
Scheiss Pollen,0,1,6
Irrational,0,0,7
Then and now,0,2,4
Someone stole my nose,0,4,6
Rainbow fun with Diana,0,3,2
Die Geisterwoelfe,0,1,0
YOLO,0,1,3
I can see forever,0,0,4
Der Gesellschaftsnormengriffel,0,0,3
Mein Lieblings-Opfer,0,1,5
Wall art,0,2,3
I'm crying smarties instead of tears,0,4,6
Dr. Evilmaru,0,3,8
Internet vs. no internet,0,8,7
I must draw,0,2,4
Hoaxing people is my passion,0,2,5
I don't even know what's happening,0,4,3
Proud to be a disaster,0,2,5
So much dissatisfaction,0,1,3
About food consumption,0,1,3
VNEP,0,2,4
The Weasel,0,15,6
Don't worry about me,0,3,7
Normal,0,3,5
Forces of evil,0,1,11
I love squishy things,0,2,11
Drachen machen Drachensachen,0,1,4
Love,0,4,14
Cure,0,5,3
Censorship,0,2,5
Stupiditaetshieb,0,1,6
Descent of a dork,0,0,8
Accident,0,0,3
Dream guy,0,2,2
We're all mad here,0,4,7
I have three eyes,0,1,5
Let go,0,1,6
Home,0,1,3
I poop rainbow glitter gel,0,1,8
Diagnosen,0,0,2
My visit at the madhouse,0,1,5
Art knows no boundaries,0,1,4
Fluff Spray,0,2,3
Nature,0,0,7
Look at all my creativity,0,1,6
My way of interaction,0,1,14
My messed up emotions,0,1,3
You suck,0,1,2
Test subject,0,2,8
Inappropriate fun,0,1,11
I am a walking disaster,0,2,9
Oopsies,0,1,15
Awkwardness,0,0,5
I have no idea what I'm doing,0,2,15
Fun,0,1,4
Do not interrupt me,0,0,4
Dubstep!,0,0,11
Here to ruin everything,0,1,5
What doesn't kill me only makes me weirder,0,0,14
How to creep out random people,0,1,6
Fool,0,3,12
Opposing pointless rules with pointless behavior,0,1,8
My creativity is inexhaustible,0,0,7
Ima firin mah lazor,0,1,2
Floophles,0,0,1
Quiet,0,1,1
Be a Froot Loop in a world full of Cheerios,0,3,12
Make it stop,0,3,8
Positivity shield,0,3,13
The universe,0,1,6
Mind explosion,0,3,8
Make believe,0,1,7
Rainbawk,0,2,5
The Rainbowyena,0,2,9
Werewolves,0,3,9
Pointless Advice Day,0,3,1
I do what I want,0,2,2
Walk,0,2,8
Travelling options,0,1,7
Shade-Nerv-Tag,0,1,5
Shitty days never bothered me anyways,0,1,3
Damn Feelings,0,1,1
Outburst of emotion,0,2,16
Why I love animals,0,3,4
What am I,0,0,3
Costume party,0,0,3
Marufashion,0,2,8
I turned into a T-Rex,0,1,3
Monster,0,1,1
Ninjamaru,0,1,3
Flow of life,0,2,3
Think outside the box,0,1,5
"Light, love, truth",0,2,4
Weirdo therapy,0,1,7
Unicone,0,0,4
Weirdness,0,0,3
Dreamer,0,2,2
Ecstasy,0,1,2
"Lose your mind, find your soul",0,3,3
Shaman,0,3,5
Entering the dream state,0,5,3
Reflections,0,2,5
Kindred spirit,0,2,2
I has a neutral,0,2,0
I has a happy,0,2,2
Blehrp blehrp blehrp I am stoopid hooman,0,1,9
Was ich gut kann,0,1,7
Weirdobrigade,0,1,2
Common facial expressions,0,1,3
Your choice,0,0,11
Oneness,0,3,4
Ram in the clouds,0,1,0
Schmeiss dein Ego weg und feier was du liebst,0,2,10
Maehschugge,0,1,0
Brokkoli,0,1,4
RidiculouslyOddRandomStyle,0,2,2
New unknown species,0,4,1
Here kitty kitty,0,2,5
Umgang mit Personen - Animarustyle,0,1,0
Miesepetrimaru,0,1,0
Hair Styling Day,0,2,0
Ach du scheisse!,0,2,0
Du bist cool,0,1,3
Society logic,0,0,3
Freedom is a state of mind,0,0,2
Public places,0,1,11
Stay random,0,1,6
Noe ich mal dich nicht,0,0,2
I failed everything,0,1,3
Irrational self,0,1,6
My life is a comedy act,0,1,4
Pfuetzen,0,2,1
Melodic voice,0,1,3
Insert yourself here,0,1,3
Annoyimaru,0,0,1
My intimate life,0,2,1
Why I don't have lots of friends,0,0,0
Nothing to see here!,0,1,1
Fly,0,0,10
One of those people,0,3,1
NOPE,0,2,0
Me  and me,0,1,2
Ohmygod,0,1,5
Cutie,0,1,2
Saint Maru,0,1,1
My purpose,0,0,1
Unsinn,0,0,0
Based on a real experience,0,1,2
Wenn du mal Probleme brauchst...,0,1,0
Jelly beans,0,2,6
I like brownies,0,1,5
Laugh and cry,0,2,0
Idol,0,3,1
Be yourself,0,5,1
I'm blue,0,2,0
Eccentric,0,3,1
The Revenge of Animaru,0,3,0
Weird fennecs,0,0,0
The Grim Reaper,0,1,5
This is NOMderful,0,1,0
Fox with goggles,0,3,2
Compassion,0,3,0
You are awesome,0,2,1
My creativity,0,1,0
Unshackle the chains,0,2,2
Randomdoodles,0,1,4
Rentnerblockade,0,2,0
Mew,0,0,1
Black lightning,0,0,0
Create yourself,0,1,1
I am a worm,0,1,0
Hive mind,0,3,0
My self esteem,0,4,3
Stitch,0,5,1
Evolve,0,0,2
Seduce me,0,1,0
Cone of shame,0,0,0
Iz raep tiem,0,2,3
Goatastic,0,0,0
OMG wat is dis,0,0,2
Oktomaru,0,0,2
Down the rabbit hole,0,4,1
Unlearning,0,1,0
Unicorn,0,1,0
Life is a joke and I am its walking punchline #50,0,2,0
Wind,0,1,0
I has a sad,0,4,0
Flames,0,1,3
Healing the soul,0,7,2
Why can't I just be normal?,0,3,1
Striped hyena guy,0,1,1
YOU ARE LOVED,0,2,4
Smooches!,0,1,0
Flower glasses,0,4,2
What the hell,0,3,6
Indecent,0,2,0
Wake me up please ,0,0,0
Endangered species,0,1,2
Life is a joke and I am its walking punchline #49,0,3,0
Life is a joke and I am its walking punchline #48,0,3,0
Life is a joke and I am its walking punchline #47,0,2,0
Life is a joke and I am its walking punchline #46,0,3,0
Life is a joke and I am its walking punchline #45,0,1,0
Life is a joke and I am its walking punchline #44,0,2,0
Life is a joke and I am its walking punchline #43,0,2,0
Life is a joke and I am its walking punchline #42,0,4,0
Derpiana,0,2,5
Primal state,0,2,1
HI,0,2,4
Those who don't believe in magic...,0,5,5
Mandy,0,2,3
Moar dumb faces,0,0,6
Totally normal everyday situation,0,2,0
"Think less, feel more",0,1,2
Handsome werewolf,0,1,6
Social behavior,0,2,2
Patrimaru Star,0,1,7
There is more to life than what we've been told,0,1,0
I'll fly with you,0,1,6
Tropical paradise,0,3,1
Blu hair,0,1,6
Womb,0,0,0
Loving life,0,4,2
Prismatic fur dragon,0,2,0
It's so dark,0,2,0
Frosty howl,0,1,0
I present you...,0,0,4
Shame,0,2,0
I recognize myself in your eyes,0,1,0
Huh?,0,2,2
GAYYY,0,1,2
Wolferpillar,0,2,5
Dissociative identity disorder,0,2,2
Escapism,0,1,6
Overly attached,0,3,5
Fluff fanatics,0,2,4
My face when somebody tells me that they like me,0,2,10
Animaru REFERENCE SHEET,0,5,8
RAYAMARU,0,2,6
Another Brick in the Wall,0,3,1
Not enough,0,3,0
I drew us a doorway to get us away from here,0,0,2
Vines,0,1,0
Life is a joke and I am its walking punchline #41,0,1,0
Life is a joke and I am its walking punchline #40,0,0,0
Life is a joke and I am its walking punchline #39,0,3,0
Life is a joke and I am its walking punchline #38,0,2,0
Life is a joke and I am its walking punchline #37,0,1,0
Life is a joke and I am its walking punchline #36,0,2,0
Allround dog,0,2,4
Ears to fly,0,5,3
Life is a joke and I am its walking punchline #35,0,2,0
Life is a joke and I am its walking punchline #34,0,2,0
Life is a joke and I am its walking punchline #33,0,2,0
Life is a joke and I am its walking punchline #32,0,2,0
Life is a joke and I am its walking punchline #31,0,3,0
Life is a joke and I am its walking punchline #30,0,1,0
Diana in love,0,3,3
Life is a joke and I am its walking punchline #29,0,1,0
Life is a joke and I am its walking punchline #28,0,1,0
Life is a joke and I am its walking punchline #27,0,3,0
Life is a joke and I am its walking punchline #26,0,0,0
Life is a joke and I am its walking punchline #25,0,0,0
Life is a joke and I am its walking punchline #24,0,2,0
Life is a joke and I am its walking punchline #23,0,1,0
Life is a joke and I am its walking punchline #22,0,2,0
Life is a joke and I am its walking punchline #21,0,0,0
FOODZ,0,1,0
Life is a joke and I am its walking punchline #20,0,1,0
Life is a joke and I am its walking punchline #19,0,1,0
Life is a joke and I am its walking punchline #18,0,1,0
Life is a joke and I am its walking punchline #17,0,1,0
Life is a joke and I am its walking punchline #16,0,1,0
Life is a joke and I am its walking punchline #15,0,3,0
Life is a joke and I am its walking punchline #14,0,2,0
Life is a joke and I am its walking punchline #13,0,1,0
Life is a joke and I am its walking punchline #12,0,2,0
Life is a joke and I am its walking punchline #11,0,2,0
Life is a joke and I am its walking punchline #10,0,2,0
Life is a joke and I am its walking punchline #9,0,2,0
Life is a joke and I am its walking punchline #8,0,3,0
Life is a joke and I am its walking punchline #7,0,2,0
Life is a joke and I am its walking punchline #6,0,7,0
Life is a joke and I am its walking punchline #5,0,1,0
Life is a joke and I am its walking punchline #4,0,2,0
Life is a joke and I am its walking punchline #3,0,2,0
Life is a joke and I am its walking punchline #2,0,4,0
Life is a joke and I am its walking punchline #1,0,2,0
Baby goat therapy,0,1,3
Vulnerability,0,2,5
Ori,0,20,9
Dance,0,4,3
Maned wolf,0,0,0
The strings that bind us,0,2,0
Stuck wolf,0,5,6
